case,hyperparameters,num_trading_days,pct_trading_days,num_positive_returns,pct_positive_returns,mean,std,min,median,max,skew,kurtosis,t_statistic,p_value
cluster_1,"(10, 50, 2, 0, -2, 0)",436.4,0.481146637,228.3,0.525467717,0.00154209,0.021046248,-0.100329873,0.001090765,0.126219175,0.557262312,6.839638545,-2.381087362,0.033348765
cluster_1,"(10, 50, 2, 0.2, -2, -0.2)",406.3,0.447960309,212.0,0.523982528,0.001479698,0.020994039,-0.096313177,0.000921439,0.11832791,0.487132813,5.86620614,-2.530982315,0.024270826
cluster_1,"(10, 50, 2, 0.3, -2, -0.3)",390.4,0.430429989,203.9,0.525438068,0.001460065,0.020994821,-0.096203561,0.000990443,0.11832791,0.472833868,5.845758739,-2.201044472,0.044794959
cluster_1,"(10, 200, 2, 0, -2, 0)",331.9,0.546787479,175.0,0.529234978,0.001750379,0.023047176,-0.09423473,0.00134913,0.117609476,0.438093677,5.010635804,-2.365667824,0.032868401
cluster_1,"(10, 200, 2, 0.2, -2, -0.2)",314.7,0.5184514,165.9,0.52813331,0.001696419,0.023286932,-0.09423473,0.001287022,0.117609476,0.437159513,4.95484285,-2.201748391,0.041566844
cluster_1,"(10, 200, 2, 0.3, -2, -0.3)",299.0,0.492586491,158.8,0.531936736,0.001691684,0.023219219,-0.09423473,0.001484991,0.114796268,0.364985339,4.715552089,-2.265507449,0.036776205
cluster_1,"(10, 200, 2, 0.4, -2, -0.4)",274.7,0.452553542,145.9,0.532787408,0.001690919,0.023140269,-0.093367649,0.001530363,0.114021876,0.366401444,4.90492588,-2.503966673,0.022567151
cluster_1,"(10, 200, 2, 0.5, -2, -0.5)",264.0,0.434925865,140.4,0.532931625,0.001706506,0.023205159,-0.093367649,0.00148296,0.114021876,0.379301284,5.026801883,-2.526936175,0.021329569
cluster_1,"(20, 150, 2, 0.2, -2, -0.2)",356.7,0.504526167,185.05,0.520010023,0.001427416,0.02233353,-0.09507842,0.000755482,0.126984169,0.660347618,7.071030477,-2.276845033,0.02902476
cluster_1,"(20, 150, 2, 0.4, -2, -0.4)",327.5,0.463224894,170.5,0.522740534,0.001479907,0.02253761,-0.093445879,0.000839606,0.126296873,0.70830503,7.083738028,-2.128474343,0.040178093
cluster_1,"(20, 200, 2, 0, -2, 0)",342.6,0.564415157,177.45,0.520259655,0.001531139,0.022835461,-0.089136092,0.000928135,0.123616457,0.5898772,5.302027855,-2.314837381,0.027726822
cluster_1,"(20, 200, 2, 0.1, -2, -0.1)",325.85,0.536820428,169.7,0.522103497,0.001658386,0.023041569,-0.089136092,0.000982864,0.123616457,0.597828737,5.275940217,-2.605393951,0.013597781
cluster_1,"(20, 200, 2, 0.2, -2, -0.2)",312.75,0.51523888,163.95,0.525284021,0.001788308,0.023025582,-0.089136092,0.001130347,0.120151691,0.59565846,5.225937116,-2.541280817,0.01545566
cluster_1,"(20, 200, 2, 0.3, -2, -0.3)",300.5,0.495057661,158.05,0.527162096,0.001765701,0.02306405,-0.089136092,0.001226469,0.118745087,0.563385144,5.062944848,-2.435085846,0.019984153
cluster_1,"(20, 200, 2, 0.4, -2, -0.4)",283.5,0.467051071,149.25,0.528227528,0.001748185,0.023038015,-0.088702551,0.001270594,0.118357891,0.571254573,5.159782718,-2.445050245,0.019395799
cluster_1,"(20, 200, 2, 0.5, -2, -0.5)",271.3,0.446952224,142.85,0.528681163,0.00183117,0.023276007,-0.088702551,0.001272857,0.118357891,0.577591013,5.145947454,-2.423299338,0.020922989
cluster_1,"(30, 150, 2, 0, -2, 0)",389.9,0.551485149,200.1333333,0.513831431,0.001140109,0.021673212,-0.096877699,0.000555864,0.124894029,0.612026837,7.288632003,-2.063090864,0.04414474
cluster_1,"(30, 150, 2, 0.1, -2, -0.1)",367.1333333,0.519283357,189.0666667,0.515478426,0.001291512,0.021773804,-0.094376681,0.000575543,0.124150307,0.648403798,7.132612511,-2.531920159,0.014224596
cluster_1,"(30, 150, 2, 0.2, -2, -0.2)",346.8,0.490523338,178.7666667,0.516344469,0.001436456,0.021746091,-0.090669133,0.000616196,0.124150307,0.76810612,7.236863341,-3.284257301,0.001822507
cluster_1,"(30, 150, 2, 0.3, -2, -0.3)",333.4333333,0.471617162,172.5333333,0.518775027,0.001486083,0.021847425,-0.089151069,0.00070768,0.123692109,0.776529109,7.154990409,-3.319425449,0.00160679
cluster_1,"(30, 150, 2, 0.4, -2, -0.4)",319.7333333,0.45223951,165.9333333,0.520574034,0.001557189,0.02192117,-0.088609207,0.00073422,0.123692109,0.810519492,7.256375411,-3.566408619,0.000763914
cluster_1,"(30, 150, 2, 0.5, -2, -0.5)",302.7333333,0.428194248,157.1666667,0.520486838,0.001540698,0.021940372,-0.087061904,0.000744598,0.12199175,0.787775552,6.978575231,-3.371165694,0.001408809
cluster_1,"(30, 200, 2, 0, -2, 0)",331.2,0.545634267,169.8,0.514105211,0.001466893,0.022323357,-0.085830727,0.000669224,0.122514993,0.705333951,6.153077991,-2.64756236,0.010747453
cluster_1,"(30, 200, 2, 0.1, -2, -0.1)",315.8333333,0.520318506,162.5,0.515373626,0.001544296,0.022477942,-0.085830727,0.000693136,0.122514993,0.703909373,6.165946064,-2.903028814,0.005336345
cluster_1,"(30, 200, 2, 0.2, -2, -0.2)",303.0,0.499176277,156.5666667,0.517366327,0.001651881,0.022499392,-0.085711687,0.000818272,0.120205149,0.71323618,6.139655222,-2.991333852,0.004110501
cluster_1,"(30, 200, 2, 0.3, -2, -0.3)",292.0333333,0.481109281,151.2666667,0.518612942,0.001632161,0.0224971,-0.085711687,0.000868043,0.118250127,0.670015436,5.935881649,-2.702720614,0.009083604
cluster_1,"(30, 200, 2, 0.4, -2, -0.4)",275.9666667,0.454640308,143.0,0.519369652,0.001675622,0.022465176,-0.083423908,0.000888489,0.117991997,0.719075796,5.860031096,-3.097884903,0.003022264
cluster_1,"(30, 200, 2, 0.5, -2, -0.5)",265.6333333,0.437616694,137.4,0.518621104,0.001723417,0.022649336,-0.083423908,0.000864653,0.117991997,0.727556283,5.842283697,-3.043515002,0.00361784
cluster_1,"(40, 150, 2, 0, -2, 0)",385.925,0.545862801,198.2,0.514428163,0.001115204,0.021797239,-0.098027104,0.000566975,0.128021349,0.624010721,7.470054868,-2.902055596,0.004936433
cluster_1,"(40, 150, 2, 0.1, -2, -0.1)",363.8,0.5145686,187.4,0.515715185,0.001231334,0.021941239,-0.096151341,0.000593595,0.127463557,0.647652312,7.342868402,-3.293211986,0.00151688
cluster_1,"(40, 150, 2, 0.2, -2, -0.2)",340.225,0.481223479,175.65,0.517125826,0.001374625,0.022033073,-0.093094476,0.000680117,0.127463557,0.726003992,7.362975925,-4.041931789,0.000134379
cluster_1,"(40, 150, 2, 0.3, -2, -0.3)",326.9,0.462376238,169.375,0.519341248,0.001437155,0.022165344,-0.091955928,0.000747306,0.127119909,0.733638515,7.324138808,-4.179409107,8.13e-05
cluster_1,"(40, 150, 2, 0.4, -2, -0.4)",315.2,0.44582744,163.55,0.520208133,0.001479937,0.022227011,-0.091549532,0.000767395,0.127119909,0.757121647,7.404332468,-4.468113471,2.87e-05
cluster_1,"(40, 150, 2, 0.5, -2, -0.5)",298.55,0.422277228,154.925,0.519973739,0.001452187,0.02227463,-0.090389055,0.000765785,0.12584464,0.739664526,7.232979734,-4.198790308,7.75e-05
cluster_1,"(40, 200, 2, 0, -2, 0)",332.075,0.547075783,169.875,0.513437117,0.00144261,0.022367611,-0.085413336,0.00065338,0.126237072,0.771218988,6.283265688,-3.106790165,0.002772131
cluster_1,"(40, 200, 2, 0.1, -2, -0.1)",318.0,0.523887974,163.35,0.515483942,0.001507875,0.02250508,-0.085413336,0.000682001,0.126237072,0.769519358,6.279074017,-3.359815166,0.001265827
cluster_1,"(40, 200, 2, 0.2, -2, -0.2)",306.0,0.504118616,157.575,0.516591162,0.001578521,0.022563955,-0.085324056,0.000765476,0.124504689,0.778163515,6.251208133,-3.317233344,0.001416851
cluster_1,"(40, 200, 2, 0.3, -2, -0.3)",293.225,0.483072488,151.45,0.518140138,0.001577277,0.022653855,-0.085324056,0.000832347,0.123038423,0.741145888,6.077575518,-3.208090723,0.00198642
cluster_1,"(40, 200, 2, 0.4, -2, -0.4)",278.6,0.458978583,144.0,0.518900422,0.001628214,0.022690164,-0.083608221,0.000867049,0.122844825,0.77970497,5.994067574,-3.710206131,0.000397057
cluster_1,"(40, 200, 2, 0.5, -2, -0.5)",265.25,0.436985173,137.075,0.518526307,0.001710927,0.022927336,-0.083204165,0.000825245,0.122844825,0.79038506,5.937232091,-3.987789384,0.000158859
cluster_1,"(50, 150, 2, 0, -2, 0)",379.32,0.536520509,195.2,0.515680607,0.001059872,0.021797153,-0.096644027,0.000586937,0.128449331,0.615115038,7.467413648,-3.062102196,0.002879269
cluster_1,"(50, 150, 2, 0.1, -2, -0.1)",358.68,0.507326733,185.02,0.516560335,0.001163559,0.021926291,-0.095143416,0.00061608,0.128003097,0.633706884,7.388742244,-3.418482355,0.000927438
cluster_1,"(50, 150, 2, 0.2, -2, -0.2)",337.98,0.478048091,174.58,0.517391468,0.001278733,0.022011982,-0.092697924,0.00067525,0.128003097,0.700513298,7.421052633,-3.992227285,0.000131454
cluster_1,"(50, 150, 2, 0.3, -2, -0.3)",324.58,0.459094767,168.26,0.519502163,0.001343171,0.022143171,-0.091787086,0.000744357,0.127728179,0.713994199,7.420637669,-4.319864154,3.87e-05
cluster_1,"(50, 150, 2, 0.4, -2, -0.4)",311.54,0.440650636,161.66,0.520202164,0.001376442,0.02217445,-0.091384933,0.000754434,0.12554853,0.698993376,7.219174435,-4.496602961,1.96e-05
cluster_1,"(50, 150, 2, 0.5, -2, -0.5)",293.48,0.415106082,152.64,0.521202018,0.001374892,0.022288932,-0.090456551,0.000800777,0.124528314,0.692686788,7.078954572,-4.482028733,2.09e-05
cluster_1,"(50, 200, 2, 0, -2, 0)",322.74,0.53169687,165.42,0.515028614,0.001368543,0.022638153,-0.086899029,0.000666345,0.127559452,0.763740705,6.408272957,-2.997294034,0.003563029
cluster_1,"(50, 200, 2, 0.1, -2, -0.1)",310.86,0.512125206,159.88,0.516592869,0.001420911,0.022739073,-0.086899029,0.000688401,0.127559452,0.767537261,6.431285506,-3.273680041,0.00150831
cluster_1,"(50, 200, 2, 0.2, -2, -0.2)",299.18,0.492883031,154.22,0.51734491,0.001468595,0.022778589,-0.086827605,0.000760369,0.126173546,0.775371614,6.465136968,-3.158306828,0.002140839
cluster_1,"(50, 200, 2, 0.3, -2, -0.3)",287.62,0.47383855,148.56,0.518449427,0.001454597,0.022838228,-0.086827605,0.000813891,0.125000533,0.739178785,6.346419574,-3.055582112,0.002945747
cluster_1,"(50, 200, 2, 0.4, -2, -0.4)",272.28,0.448566722,140.9,0.51988265,0.001519772,0.022902213,-0.085451985,0.000858548,0.124845654,0.76944909,6.293454245,-3.746314356,0.000310214
cluster_1,"(50, 200, 2, 0.5, -2, -0.5)",258.44,0.425766063,133.78,0.519924047,0.001645678,0.023108341,-0.084415533,0.00084541,0.124845654,0.784455261,6.250030475,-4.261278852,5.03e-05
cluster_1,"(60, 150, 2, 0, -2, 0)",373.6,0.528429986,191.8666667,0.515081917,0.001058101,0.02201187,-0.098093403,0.000549752,0.130295261,0.651882737,7.482663326,-2.911797995,0.004350828
cluster_1,"(60, 150, 2, 0.1, -2, -0.1)",354.0833333,0.500825083,182.3166667,0.516060366,0.001145389,0.022117067,-0.095928009,0.000581441,0.1299234,0.676396751,7.445701395,-2.992962582,0.003370383
cluster_1,"(60, 150, 2, 0.2, -2, -0.2)",335.2333333,0.474163131,172.8,0.516742923,0.001239235,0.022229794,-0.093890099,0.000636697,0.1299234,0.731561936,7.448019532,-3.488561161,0.000688941
cluster_1,"(60, 150, 2, 0.3, -2, -0.3)",320.8333333,0.45379538,165.8666667,0.518375785,0.001297702,0.022353064,-0.093131067,0.00069767,0.129694301,0.751140774,7.479518385,-3.781144207,0.000247385
cluster_1,"(60, 150, 2, 0.4, -2, -0.4)",308.25,0.435997171,159.5666667,0.519216955,0.001325103,0.022382033,-0.09279594,0.000709976,0.127877927,0.738683556,7.352423886,-3.939394671,0.000138941
cluster_1,"(60, 150, 2, 0.5, -2, -0.5)",289.7333333,0.409806695,150.2166667,0.51989041,0.001329349,0.022448576,-0.092022288,0.000746052,0.125404295,0.712819367,7.07891913,-3.82311319,0.000212244
cluster_1,"(60, 200, 2, 0, -2, 0)",328.3166667,0.54088413,167.6166667,0.513253115,0.00131598,0.022835772,-0.091667796,0.000570652,0.130979752,0.783566749,6.864297843,-2.746606864,0.007081676
cluster_1,"(60, 200, 2, 0.1, -2, -0.1)",314.2166667,0.517655135,161.0,0.514848033,0.001372733,0.022944751,-0.091667796,0.000600163,0.130176688,0.76986202,6.772302028,-2.996566921,0.003370906
cluster_1,"(60, 200, 2, 0.2, -2, -0.2)",301.8166667,0.497226798,155.0166667,0.515590028,0.001431089,0.023008071,-0.091608276,0.000672428,0.129021766,0.782652083,6.787700702,-3.108989443,0.002377459
cluster_1,"(60, 200, 2, 0.3, -2, -0.3)",290.3833333,0.478390994,149.45,0.51690555,0.001421614,0.023045713,-0.090628726,0.000732678,0.128044256,0.760404597,6.719847786,-2.996946278,0.003370231
cluster_1,"(60, 200, 2, 0.4, -2, -0.4)",273.3666667,0.450356947,141.15,0.518592039,0.001511805,0.023142482,-0.089482376,0.000789816,0.12791519,0.789622648,6.713758751,-3.810198833,0.000226158
cluster_1,"(60, 200, 2, 0.5, -2, -0.5)",260.1666667,0.428610653,134.3333333,0.518522732,0.001620242,0.023298716,-0.088618666,0.000784433,0.126891659,0.783375403,6.551920066,-4.252377841,4.48e-05
cluster_1,"(70, 150, 2, 0, -2, 0)",372.3,0.526591231,191.2714286,0.515182431,0.001041318,0.022149968,-0.100077319,0.000564525,0.129004024,0.597091765,7.29644057,-3.558379667,0.000522572
cluster_1,"(70, 150, 2, 0.1, -2, -0.1)",353.9714286,0.500666801,182.2142857,0.515840629,0.001109034,0.022241066,-0.098221267,0.000590661,0.128685286,0.618937936,7.282277845,-3.561418672,0.000508269
cluster_1,"(70, 150, 2, 0.2, -2, -0.2)",335.1142857,0.473994746,172.6857143,0.516537784,0.001190612,0.022379424,-0.096474487,0.000640766,0.128685286,0.665559935,7.267704347,-4.032795155,9.2e-05
cluster_1,"(70, 150, 2, 0.3, -2, -0.3)",320.4,0.453182461,165.4428571,0.517761637,0.001240916,0.022516676,-0.095823889,0.000693781,0.128488916,0.68454337,7.30252396,-4.20735077,4.68e-05
cluster_1,"(70, 150, 2, 0.4, -2, -0.4)",308.0571429,0.435724389,159.3285714,0.518752495,0.001269135,0.022544589,-0.095150373,0.000714109,0.126932024,0.681575247,7.222064496,-4.41093452,2.07e-05
cluster_1,"(70, 150, 2, 0.5, -2, -0.5)",291.0714286,0.411699333,150.5857143,0.518811358,0.001254875,0.022611145,-0.094487243,0.000724751,0.124811768,0.658871683,6.996908451,-4.124200894,6.45e-05
cluster_1,"(70, 200, 2, 0, -2, 0)",324.9,0.535255354,166.2142857,0.514191469,0.001308224,0.023041438,-0.093982661,0.000636855,0.130968004,0.739449257,6.765395051,-3.289565622,0.001310897
cluster_1,"(70, 200, 2, 0.1, -2, -0.1)",311.4857143,0.513156037,159.8428571,0.515549909,0.001354636,0.023148608,-0.093982661,0.000662052,0.130279663,0.728225235,6.689053429,-3.529716811,0.000578783
cluster_1,"(70, 200, 2, 0.2, -2, -0.2)",298.7285714,0.492139327,153.7,0.516456505,0.001420504,0.023210193,-0.093286648,0.000742049,0.12928973,0.746950779,6.661258305,-3.740626836,0.000273963
cluster_1,"(70, 200, 2, 0.3, -2, -0.3)",287.6571429,0.473899741,148.3428571,0.51789218,0.001416482,0.0232504,-0.092447034,0.000800358,0.128451864,0.726533145,6.610921481,-3.645955667,0.000386813
cluster_1,"(70, 200, 2, 0.4, -2, -0.4)",271.5428571,0.447352318,140.3857143,0.519199741,0.001490753,0.023368212,-0.091464448,0.000843196,0.128341237,0.752849186,6.60491431,-4.326786746,2.99e-05
cluster_1,"(70, 200, 2, 0.5, -2, -0.5)",258.0571429,0.425135326,133.4142857,0.519252909,0.001597593,0.023535089,-0.090724126,0.000828873,0.127463924,0.748439025,6.475615956,-4.794780579,4.54e-06
cluster_1,"(80, 150, 2, 0, -2, 0)",374.125,0.52917256,191.6,0.513744417,0.000982646,0.022114639,-0.100342453,0.000506645,0.130266284,0.607504594,7.47841679,-3.035250792,0.002828805
cluster_1,"(80, 150, 2, 0.1, -2, -0.1)",356.1,0.503677511,182.7125,0.514403668,0.001046872,0.022177638,-0.098715165,0.000531726,0.129987388,0.634614038,7.539500481,-3.035744302,0.002807985
cluster_1,"(80, 150, 2, 0.2, -2, -0.2)",338.25,0.478429986,173.6625,0.514925243,0.001120401,0.022315291,-0.097186733,0.00057274,0.129987388,0.679087923,7.527397148,-3.515797724,0.000573995
cluster_1,"(80, 150, 2, 0.3, -2, -0.3)",323.95,0.458203678,166.6,0.516001748,0.00117245,0.022435713,-0.096617459,0.000623934,0.129815564,0.698282347,7.575001011,-3.843142627,0.000176158
cluster_1,"(80, 150, 2, 0.4, -2, -0.4)",311.2875,0.440293494,160.2875,0.516730929,0.001193671,0.022464528,-0.096028133,0.000634902,0.128453283,0.701004872,7.534546598,-3.800273874,0.000205978
cluster_1,"(80, 150, 2, 0.5, -2, -0.5)",295.35,0.417751061,152.1,0.516772999,0.001178403,0.022528473,-0.095447894,0.000645134,0.12659806,0.680657641,7.354002197,-3.549105227,0.000509747
cluster_1,"(80, 200, 2, 0, -2, 0)",327.7625,0.53997117,167.6125,0.513874014,0.001248611,0.02294948,-0.095090672,0.000612386,0.131938374,0.75527431,7.091551581,-2.884138324,0.004530722
cluster_1,"(80, 200, 2, 0.1, -2, -0.1)",314.2625,0.517730643,161.0625,0.514727874,0.001285277,0.023060906,-0.095090672,0.000622005,0.131336077,0.748723797,7.036843304,-3.074597553,0.002507553
cluster_1,"(80, 200, 2, 0.2, -2, -0.2)",301.3875,0.496519769,154.8375,0.515587877,0.001336907,0.02311606,-0.094481661,0.000693781,0.129740682,0.747681961,6.917507706,-3.043293157,0.002759896
cluster_1,"(80, 200, 2, 0.3, -2, -0.3)",289.9875,0.47773888,149.3125,0.516983873,0.00132849,0.023158654,-0.093746999,0.000747671,0.129007549,0.727112709,6.876973433,-2.89489999,0.004358394
cluster_1,"(80, 200, 2, 0.4, -2, -0.4)",274.375,0.452018122,141.6375,0.518456078,0.001401388,0.023282457,-0.092887236,0.000801791,0.128663832,0.744238637,6.850346636,-3.581830378,0.000457678
cluster_1,"(80, 200, 2, 0.5, -2, -0.5)",260.8875,0.429798188,134.7375,0.518774425,0.001513014,0.023417234,-0.091555006,0.000795077,0.127896184,0.757855715,6.740083713,-4.088270059,7.09e-05
cluster_1,"(90, 150, 2, 0, -2, 0)",372.0888889,0.526292629,190.6222222,0.513913287,0.000979226,0.021832621,-0.098614478,0.000521915,0.126905965,0.574330579,7.337890912,-3.258176,0.001356938
cluster_1,"(90, 150, 2, 0.1, -2, -0.1)",355.1777778,0.502373094,182.2111111,0.514358244,0.001031865,0.021896131,-0.097167999,0.000544229,0.126658057,0.598090072,7.39451639,-3.147600072,0.001933812
cluster_1,"(90, 150, 2, 0.2, -2, -0.2)",338.3555556,0.478579287,173.6555556,0.514876981,0.001097157,0.022030208,-0.095789669,0.000585396,0.126658057,0.639438277,7.390717388,-3.575533549,0.00045293
cluster_1,"(90, 150, 2, 0.3, -2, -0.3)",323.0111111,0.456875688,166.1777778,0.516208597,0.001166512,0.02213726,-0.095215017,0.000639794,0.126505325,0.658959422,7.422988368,-3.943349224,0.000116036
cluster_1,"(90, 150, 2, 0.4, -2, -0.4)",310.6777778,0.439431086,159.9111111,0.516530626,0.001175608,0.022169052,-0.094691172,0.000646208,0.125294409,0.660666058,7.396137435,-3.744878531,0.000243804
cluster_1,"(90, 150, 2, 0.5, -2, -0.5)",294.6222222,0.416721672,151.6555556,0.516571548,0.001175818,0.02220456,-0.094138897,0.000655816,0.123645321,0.64939755,7.252834283,-3.473349727,0.000646659
cluster_1,"(90, 200, 2, 0, -2, 0)",328.1111111,0.540545488,167.6,0.513174217,0.001219903,0.022683875,-0.093540677,0.000597272,0.128471313,0.722961681,6.899415361,-2.849802684,0.004938742
cluster_1,"(90, 200, 2, 0.1, -2, -0.1)",315.5777778,0.519897492,161.4333333,0.513654315,0.00124334,0.022774737,-0.093540677,0.000600964,0.127935937,0.715414783,6.844080246,-3.004078688,0.003069156
cluster_1,"(90, 200, 2, 0.2, -2, -0.2)",302.5,0.498352554,155.1444444,0.514672372,0.001297516,0.022816008,-0.092900356,0.000674773,0.126435897,0.719052467,6.784012217,-2.966962695,0.003438537
cluster_1,"(90, 200, 2, 0.3, -2, -0.3)",289.9666667,0.477704558,149.0777778,0.516113231,0.00129816,0.022870688,-0.092247323,0.000735187,0.125784223,0.698338433,6.741127029,-2.525226284,0.01245063
cluster_1,"(90, 200, 2, 0.4, -2, -0.4)",275.2,0.453377265,141.8,0.517464261,0.00135578,0.022987524,-0.091483089,0.000780752,0.125478697,0.712457951,6.71993982,-3.103523145,0.002227328
cluster_1,"(90, 200, 2, 0.5, -2, -0.5)",261.2777778,0.43044115,134.7111111,0.517884213,0.001465513,0.02313763,-0.090298885,0.000798786,0.124796343,0.723342422,6.619951656,-3.573030825,0.000457008
cluster_1,"(100, 150, 2, 0, -2, 0)",370.16,0.523564356,189.78,0.514456037,0.001025108,0.022073974,-0.099503178,0.000556671,0.129568079,0.59393815,7.510464766,-4.004995633,8.96e-05
cluster_1,"(100, 150, 2, 0.1, -2, -0.1)",354.31,0.501145686,181.86,0.514765877,0.00107175,0.02213897,-0.098201348,0.000573572,0.129344963,0.615326416,7.563798437,-3.804782206,0.00018985
cluster_1,"(100, 150, 2, 0.2, -2, -0.2)",337.33,0.477128713,173.23,0.515367608,0.001139157,0.022256109,-0.096749392,0.000607654,0.129344963,0.653098183,7.56012998,-4.267838784,3.1e-05
cluster_1,"(100, 150, 2, 0.3, -2, -0.3)",322.22,0.455756719,165.9,0.516707398,0.001207321,0.022366015,-0.096157092,0.000659435,0.129207503,0.673642208,7.599649672,-4.566893552,8.78e-06
cluster_1,"(100, 150, 2, 0.4, -2, -0.4)",309.75,0.438118812,159.47,0.516741138,0.001221597,0.022387555,-0.095259475,0.000661695,0.128117679,0.680104778,7.595036774,-4.434518044,1.53e-05
cluster_1,"(100, 150, 2, 0.5, -2, -0.5)",292.44,0.413635078,150.67,0.517195772,0.0012327,0.02242762,-0.094739306,0.000675196,0.1266335,0.670537461,7.536441955,-4.204162136,3.99e-05
cluster_1,"(100, 200, 2, 0, -2, 0)",329.73,0.543212521,168.27,0.512617145,0.001202583,0.022837347,-0.096310136,0.000585399,0.129282901,0.664944057,7.185529484,-2.984011541,0.003244638
cluster_1,"(100, 200, 2, 0.1, -2, -0.1)",317.49,0.523047776,162.24,0.5130538,0.001224185,0.022917569,-0.096310136,0.000587612,0.128801063,0.661520523,7.17149844,-3.148409792,0.001915264
cluster_1,"(100, 200, 2, 0.2, -2, -0.2)",305.07,0.502586491,156.24,0.51394469,0.00127247,0.022959106,-0.095733847,0.000653915,0.127451027,0.6641772,7.131761675,-3.115445997,0.002126279
cluster_1,"(100, 200, 2, 0.3, -2, -0.3)",292.04,0.481120264,149.82,0.514963746,0.001274506,0.023037819,-0.094972766,0.000707344,0.12686452,0.647066588,7.119065798,-2.637894798,0.009026562
cluster_1,"(100, 200, 2, 0.4, -2, -0.4)",277.02,0.456375618,142.47,0.516509446,0.001336687,0.02315678,-0.094284956,0.000755821,0.126589547,0.656922714,7.145237173,-3.306089204,0.001125994
cluster_1,"(100, 200, 2, 0.5, -2, -0.5)",263.45,0.434019769,135.53,0.516701823,0.001437211,0.023313672,-0.093219172,0.000763929,0.125975428,0.66816259,7.047212027,-3.706508524,0.000274935
cluster_1,"(110, 150, 2, 0, -2, 0)",369.8818182,0.523170889,189.4545455,0.513980169,0.001046418,0.022364332,-0.101698894,0.000549103,0.131590089,0.578171172,7.586748307,-4.035832564,7.67e-05
cluster_1,"(110, 150, 2, 0.1, -2, -0.1)",354.0090909,0.500720072,181.5363636,0.514304923,0.001088454,0.022414081,-0.100082808,0.00056231,0.131387256,0.600735189,7.622821501,-3.812462321,0.000179639
cluster_1,"(110, 150, 2, 0.2, -2, -0.2)",338.0909091,0.478204963,173.4090909,0.514737956,0.001141316,0.022514704,-0.098762848,0.000581399,0.131387256,0.633696609,7.615381227,-4.250361904,3.2e-05
cluster_1,"(110, 150, 2, 0.3, -2, -0.3)",323.7181818,0.457875788,166.4363636,0.516018605,0.001202862,0.0226173,-0.098224393,0.000629631,0.131262293,0.65309575,7.656163492,-4.4914996,1.16e-05
cluster_1,"(110, 150, 2, 0.4, -2, -0.4)",311.4454545,0.440516909,160.1636364,0.516196525,0.001217923,0.022644986,-0.097408378,0.000639883,0.130271543,0.657852583,7.662141477,-4.418328956,1.57e-05
cluster_1,"(110, 150, 2, 0.5, -2, -0.5)",294.4727273,0.416510222,151.5727273,0.516757587,0.001231592,0.022698483,-0.096935497,0.000655735,0.12892229,0.650661346,7.606142926,-4.108569311,5.66e-05
cluster_1,"(110, 200, 2, 0, -2, 0)",329.1272727,0.54221956,167.7545455,0.511822123,0.001217635,0.023088126,-0.09836324,0.000544182,0.130872106,0.647517818,7.253753395,-3.019012171,0.002860842
cluster_1,"(110, 200, 2, 0.1, -2, -0.1)",317.2818182,0.522704808,161.9363636,0.512247453,0.001236053,0.023168496,-0.098261893,0.000549036,0.130434071,0.643064013,7.233556561,-3.051069225,0.002577175
cluster_1,"(110, 200, 2, 0.2, -2, -0.2)",304.4454545,0.501557586,155.6636364,0.512897171,0.001282605,0.023219646,-0.097737993,0.000610262,0.12905463,0.643283929,7.192857481,-3.03384823,0.002721368
cluster_1,"(110, 200, 2, 0.3, -2, -0.3)",291.7636364,0.480664969,149.3181818,0.513563534,0.001278095,0.023292604,-0.097046102,0.000648015,0.128521442,0.629163286,7.203567254,-2.542304372,0.011725668
cluster_1,"(110, 200, 2, 0.4, -2, -0.4)",277.0090909,0.456357646,142.0363636,0.514754575,0.00133875,0.02340939,-0.096267477,0.000686029,0.128271466,0.641253105,7.233808442,-3.241052695,0.001380631
cluster_1,"(110, 200, 2, 0.5, -2, -0.5)",262.2272727,0.432005392,134.6090909,0.515484154,0.001461395,0.023579931,-0.095164284,0.00071745,0.127517726,0.648477559,7.130268455,-3.806576466,0.000185381
cluster_1,"(120, 150, 2, 0, -2, 0)",366.8333333,0.518859029,187.9916667,0.514163642,0.00106643,0.022366251,-0.100809404,0.000548882,0.132140941,0.596120716,7.651322593,-4.41001417,1.6e-05
cluster_1,"(120, 150, 2, 0.1, -2, -0.1)",350.2,0.49533239,179.7416667,0.514793258,0.001113845,0.022440285,-0.099327992,0.000568585,0.131955011,0.614861474,7.672148073,-4.20146502,3.77e-05
cluster_1,"(120, 150, 2, 0.2, -2, -0.2)",334.5083333,0.473137671,171.7,0.515092377,0.001160624,0.022530817,-0.098118029,0.000583658,0.131955011,0.647297366,7.694624169,-4.523296747,9.71e-06
cluster_1,"(120, 150, 2, 0.3, -2, -0.3)",319.7666667,0.452286657,164.55,0.516429591,0.001222732,0.022639908,-0.097624445,0.00063678,0.131460617,0.658631555,7.691177145,-4.802715352,2.8e-06
cluster_1,"(120, 150, 2, 0.4, -2, -0.4)",307.375,0.434759547,158.2333333,0.516666488,0.001236324,0.02267775,-0.096869775,0.00065809,0.13055243,0.661931653,7.697785532,-4.748353491,3.56e-06
cluster_1,"(120, 150, 2, 0.5, -2, -0.5)",290.2916667,0.410596417,149.6583333,0.517527959,0.001262987,0.02273667,-0.096330443,0.000701998,0.129315614,0.657550171,7.646087574,-4.549512079,8.63e-06
cluster_1,"(120, 200, 2, 0, -2, 0)",329.1916667,0.542325645,167.9083333,0.512073581,0.00119893,0.023060161,-0.097390461,0.000537122,0.132007158,0.666432813,7.295471217,-3.02147484,0.00280919
cluster_1,"(120, 200, 2, 0.1, -2, -0.1)",317.0,0.522240527,161.875,0.512447668,0.001218486,0.023148652,-0.09729756,0.000551155,0.131605626,0.662127835,7.278671268,-3.101965691,0.002164987
cluster_1,"(120, 200, 2, 0.2, -2, -0.2)",303.775,0.500453048,155.35,0.512999219,0.001269997,0.023196429,-0.09678268,0.000601556,0.130303102,0.664116841,7.249633028,-3.147038336,0.001869434
cluster_1,"(120, 200, 2, 0.3, -2, -0.3)",291.6416667,0.480464031,149.275,0.513632427,0.001268977,0.023266576,-0.096148446,0.000631995,0.129814347,0.651844378,7.267613093,-2.620848949,0.009348711
cluster_1,"(120, 200, 2, 0.4, -2, -0.4)",276.5416667,0.455587589,141.8166667,0.514926199,0.001332577,0.023369128,-0.09532506,0.000675401,0.129585202,0.665045045,7.294118334,-3.253730963,0.001307146
cluster_1,"(120, 200, 2, 0.5, -2, -0.5)",261.425,0.43068369,134.1916667,0.515507354,0.001452783,0.023510105,-0.09412769,0.000703388,0.128471034,0.667368556,7.160789725,-3.861805153,0.000146732
