case,hyperparameters,num_trading_days,pct_trading_days,num_positive_returns,pct_positive_returns,mean,std,min,median,max,skew,kurtosis
baseline,"(5, 50, 2, 0, -2, 0)",451.8,0.498125689,237.2,0.525243616,0.000840061,0.019226282,-0.100458289,0.000668009,0.117766248,0.287440771,7.115140001
baseline,"(5, 50, 2, 0.1, -2, -0.1)",436.4,0.481146637,231,0.5295405,0.000914803,0.019335679,-0.100458289,0.000768666,0.117766248,0.265600885,7.120960794
baseline,"(5, 50, 2, 0.2, -2, -0.2)",419,0.461962514,220.6,0.526704138,0.000826354,0.019497561,-0.100458289,0.000743157,0.117766248,0.256905613,6.99316588
baseline,"(5, 50, 2, 0.3, -2, -0.3)",402.6,0.443880926,211.6,0.525756333,0.000852251,0.019457131,-0.100458289,0.000676377,0.117766248,0.259961245,7.201176355
baseline,"(5, 50, 2, 0.4, -2, -0.4)",377.6,0.41631753,199.4,0.527803874,0.000885595,0.019495007,-0.103962993,0.000746686,0.117766248,0.209918601,7.577863255
baseline,"(5, 50, 2, 0.5, -2, -0.5)",356.8,0.393384785,188.2,0.527356354,0.000829591,0.019382231,-0.103962993,0.000853396,0.117766248,0.181700833,7.989356034
baseline,"(5, 150, 2, 0, -2, 0)",396.6,0.56096181,207,0.522540694,0.000763262,0.020418443,-0.106928243,0.00053203,0.112567032,0.136708683,5.92880202
baseline,"(5, 150, 2, 0.1, -2, -0.1)",379.8,0.537199434,197.6,0.520586443,0.000741176,0.0206064,-0.106928243,0.000479313,0.112567032,0.145718634,5.873021495
baseline,"(5, 150, 2, 0.2, -2, -0.2)",367.8,0.520226308,191.8,0.521073317,0.000750377,0.020678428,-0.106928243,0.000501548,0.112567032,0.149366958,5.901529508
baseline,"(5, 150, 2, 0.3, -2, -0.3)",349.4,0.494200849,181.6,0.519389551,0.000685338,0.02067729,-0.106928243,0.000517194,0.10913844,0.097732238,5.712495804
baseline,"(5, 150, 2, 0.4, -2, -0.4)",339.8,0.480622348,176.4,0.51867184,0.000681022,0.020781427,-0.106928243,0.000514827,0.10913844,0.110001815,5.669310304
baseline,"(5, 150, 2, 0.5, -2, -0.5)",333,0.471004243,172.4,0.517181672,0.00061469,0.020706634,-0.106928243,0.00043278,0.10913844,0.114400642,5.82150258
baseline,"(5, 200, 2, 0, -2, 0)",366.4,0.603624382,189,0.515817709,0.000960172,0.019740281,-0.090012588,0.000405591,0.104332898,0.343648664,5.129906558
baseline,"(5, 200, 2, 0.1, -2, -0.1)",349.2,0.575288303,181.4,0.520569398,0.001185982,0.02008352,-0.088951184,0.000584021,0.104332898,0.345672006,4.9838117
baseline,"(5, 200, 2, 0.2, -2, -0.2)",342.2,0.563756178,178.4,0.521744421,0.001132378,0.019975531,-0.088951184,0.000593228,0.100352923,0.279823289,4.758377935
baseline,"(5, 200, 2, 0.3, -2, -0.3)",329.4,0.542668863,171.8,0.521861828,0.001082111,0.019984349,-0.088951184,0.000659416,0.100352923,0.255381191,4.828546727
baseline,"(5, 200, 2, 0.4, -2, -0.4)",320.8,0.528500824,167,0.520651343,0.000982917,0.019982223,-0.088951184,0.000575418,0.100352923,0.222585146,4.737862681
baseline,"(5, 200, 2, 0.5, -2, -0.5)",296.8,0.488962109,155.8,0.523822416,0.001122778,0.020025426,-0.088226791,0.000794342,0.100352923,0.212407765,5.004115935
baseline,"(10, 50, 2, 0, -2, 0)",446.5,0.492282249,229.2,0.51353655,0.000548389,0.01932292,-0.108658479,0.000332247,0.106590407,0.023190901,7.289843218
baseline,"(10, 50, 2, 0.1, -2, -0.1)",430.5,0.474641676,222.5,0.516882732,0.00058779,0.01943761,-0.108658479,0.00039791,0.106590407,0.015744171,7.298353217
baseline,"(10, 50, 2, 0.2, -2, -0.2)",413.5,0.455898567,212.8,0.514531815,0.000512791,0.019610084,-0.108658479,0.000372074,0.106590407,0.013656059,7.226570162
baseline,"(10, 50, 2, 0.3, -2, -0.3)",391.8,0.431973539,201.7,0.514681552,0.000538141,0.019653898,-0.108658479,0.000347191,0.106590407,0.000301,7.464105586
baseline,"(10, 50, 2, 0.4, -2, -0.4)",367.5,0.405181918,190.4,0.517769811,0.000639444,0.019556376,-0.110410831,0.000506613,0.104973729,-0.04194622,7.922720099
baseline,"(10, 50, 2, 0.5, -2, -0.5)",349.7,0.385556781,181.2,0.517981696,0.000612832,0.019576198,-0.110410831,0.00050887,0.104973729,-0.061257652,8.130420829
baseline,"(10, 150, 2, 0, -2, 0)",397.1,0.561669024,205.4,0.518327381,0.000691315,0.019822165,-0.109472536,0.000506508,0.106023827,0.102992672,6.531062132
baseline,"(10, 150, 2, 0.1, -2, -0.1)",379.2,0.536350778,196,0.518000469,0.000645276,0.019918706,-0.109472536,0.000498061,0.106023827,0.067335274,6.442589133
baseline,"(10, 150, 2, 0.2, -2, -0.2)",370.7,0.524328147,191.5,0.517395325,0.000630103,0.020006319,-0.109472536,0.000480186,0.106023827,0.071019429,6.424864187
baseline,"(10, 150, 2, 0.3, -2, -0.3)",355.9,0.503394625,183.9,0.517976574,0.000635649,0.020016763,-0.109472536,0.000577785,0.104309531,0.040514284,6.358831144
baseline,"(10, 150, 2, 0.4, -2, -0.4)",343.3,0.485572843,177.3,0.5180918,0.000586316,0.019945242,-0.109472536,0.000539854,0.101836417,-0.014659659,6.238130853
baseline,"(10, 150, 2, 0.5, -2, -0.5)",330.2,0.467043847,170.6,0.518173851,0.000620692,0.020018352,-0.109472536,0.000646676,0.101836417,-0.016064485,6.355651871
baseline,"(10, 200, 2, 0, -2, 0)",368.2,0.606589786,189.3,0.514504317,0.000791037,0.019562207,-0.101014708,0.000454406,0.097295548,0.157968151,5.869525223
baseline,"(10, 200, 2, 0.1, -2, -0.1)",355.4,0.585502471,183.1,0.516267784,0.000879788,0.019751548,-0.100484006,0.00049889,0.097295548,0.146435079,5.812873327
baseline,"(10, 200, 2, 0.2, -2, -0.2)",347.4,0.5723229,179.1,0.516128191,0.000808053,0.019705939,-0.100484006,0.00048396,0.095305561,0.112568797,5.737700952
baseline,"(10, 200, 2, 0.3, -2, -0.3)",335,0.551894563,172.7,0.51622043,0.000816085,0.019743772,-0.100484006,0.000487725,0.095305561,0.106259398,5.800000451
baseline,"(10, 200, 2, 0.4, -2, -0.4)",324.7,0.534925865,167,0.514835844,0.000759602,0.019822896,-0.100484006,0.00041682,0.095305561,0.091930939,5.757745669
baseline,"(10, 200, 2, 0.5, -2, -0.5)",309.4,0.509719934,159.3,0.515116742,0.000801823,0.019866676,-0.100121809,0.000486243,0.095305561,0.0934517,5.92562408
baseline,"(20, 50, 2, 0, -2, 0)",427.35,0.471168688,223.2,0.524694264,0.001014595,0.019185048,-0.093341673,0.000815557,0.102825881,0.256544149,6.508602215
baseline,"(20, 50, 2, 0.1, -2, -0.1)",412.95,0.455292172,216.5,0.526680898,0.001035111,0.019182845,-0.093341673,0.000830363,0.098880249,0.19137653,5.999646999
baseline,"(20, 50, 2, 0.2, -2, -0.2)",394.95,0.435446527,206.6,0.525586324,0.001011266,0.019343655,-0.093341673,0.00083229,0.098880249,0.190764868,5.977290367
baseline,"(20, 50, 2, 0.3, -2, -0.3)",374,0.412348401,195.55,0.525559797,0.001052111,0.019324765,-0.092693628,0.000843935,0.098880249,0.175337911,6.013002165
baseline,"(20, 50, 2, 0.4, -2, -0.4)",353.55,0.389801544,185.25,0.526395066,0.001107574,0.019310367,-0.093569804,0.000882435,0.09807191,0.16513624,6.319825342
baseline,"(20, 50, 2, 0.5, -2, -0.5)",335.5,0.369900772,176.4,0.528487873,0.001108288,0.019336091,-0.093569804,0.000933964,0.098033742,0.146819521,6.377883568
baseline,"(20, 150, 2, 0, -2, 0)",385.1,0.544695898,199.9,0.519675254,0.000771029,0.019315313,-0.094074186,0.000704635,0.100860756,0.233186062,6.450046923
baseline,"(20, 150, 2, 0.1, -2, -0.1)",369.65,0.522842999,191.75,0.519629444,0.000773723,0.019449499,-0.094074186,0.00065117,0.100860756,0.217699242,6.376224646
baseline,"(20, 150, 2, 0.2, -2, -0.2)",357.8,0.506082037,185.25,0.518325439,0.000748228,0.019479606,-0.093479307,0.000655387,0.099366898,0.190169757,6.181296747
baseline,"(20, 150, 2, 0.3, -2, -0.3)",342.7,0.484724187,177.55,0.519306145,0.000776263,0.019528632,-0.093479307,0.000718832,0.09850975,0.18673857,6.227741135
baseline,"(20, 150, 2, 0.4, -2, -0.4)",330.45,0.467397454,170.9,0.518819376,0.00074923,0.019521971,-0.093479307,0.000649837,0.097273193,0.170307141,6.238262415
baseline,"(20, 150, 2, 0.5, -2, -0.5)",312.25,0.44165488,161.45,0.518703115,0.000760772,0.019606509,-0.093479307,0.000731537,0.095813485,0.145434091,6.297471511
baseline,"(20, 200, 2, 0, -2, 0)",364.45,0.600411862,188.5,0.518194488,0.000848473,0.019346654,-0.091867832,0.000690074,0.096770888,0.230087705,6.025999294
baseline,"(20, 200, 2, 0.1, -2, -0.1)",352.95,0.581466227,182.65,0.518659063,0.000860459,0.019470875,-0.091602481,0.000710754,0.096696878,0.218591703,6.014619143
baseline,"(20, 200, 2, 0.2, -2, -0.2)",337.8,0.556507414,175.2,0.520279904,0.00093147,0.019455395,-0.088148023,0.000738282,0.095701885,0.261851599,6.012089398
baseline,"(20, 200, 2, 0.3, -2, -0.3)",323.2,0.532454695,168.05,0.521922475,0.000971636,0.019346487,-0.087400458,0.000754501,0.095701885,0.290495306,6.20470325
baseline,"(20, 200, 2, 0.4, -2, -0.4)",311.45,0.513097199,161.7,0.521449682,0.000953135,0.019474628,-0.087400458,0.000731082,0.095701885,0.287511726,6.221207181
baseline,"(20, 200, 2, 0.5, -2, -0.5)",295.25,0.486408567,153.45,0.52130924,0.000983303,0.019540128,-0.08721936,0.000769787,0.095701885,0.295629027,6.364555755
baseline,"(30, 50, 2, 0, -2, 0)",435.2,0.479823594,226.9,0.522974572,0.000998316,0.02009106,-0.097899746,0.000822817,0.117348674,0.450238505,8.560154406
baseline,"(30, 50, 2, 0.1, -2, -0.1)",419.8333333,0.462881294,219.2,0.523731152,0.00099148,0.020125268,-0.097899746,0.000782417,0.114716044,0.402876733,8.163777339
baseline,"(30, 50, 2, 0.2, -2, -0.2)",401.3333333,0.442484381,209.5666667,0.523855696,0.001000254,0.020293529,-0.097899746,0.000832528,0.114716044,0.396998492,8.137197929
baseline,"(30, 50, 2, 0.3, -2, -0.3)",382.7,0.421940463,199.3333333,0.522766886,0.000997146,0.020317287,-0.097467717,0.000772745,0.114716044,0.389781072,8.174647157
baseline,"(30, 50, 2, 0.4, -2, -0.4)",362.0333333,0.399154723,188.8,0.523248914,0.001015288,0.020261185,-0.098051834,0.000800307,0.110770485,0.332822049,7.906823602
baseline,"(30, 50, 2, 0.5, -2, -0.5)",343.7666667,0.379015068,179.7666667,0.524938163,0.001035536,0.020270122,-0.098051834,0.000852675,0.105614354,0.262483788,7.640581952
baseline,"(30, 150, 2, 0, -2, 0)",377.1333333,0.533427628,196.2333333,0.52106576,0.000702472,0.01954224,-0.095465096,0.000725412,0.100217971,0.119717282,7.136032013
baseline,"(30, 150, 2, 0.1, -2, -0.1)",361.5,0.511315417,188.3333333,0.522413327,0.000746991,0.019604012,-0.094611744,0.0007436,0.100217971,0.133311173,7.173924178
baseline,"(30, 150, 2, 0.2, -2, -0.2)",345.7333333,0.489014616,179.7,0.520859393,0.000716949,0.019637087,-0.093891311,0.000738357,0.097800675,0.101498396,7.015602529
baseline,"(30, 150, 2, 0.3, -2, -0.3)",330.1333333,0.466949552,171.6,0.521065315,0.000689278,0.01958452,-0.093740335,0.000766507,0.095680951,0.094805658,7.248037649
baseline,"(30, 150, 2, 0.4, -2, -0.4)",318.7666667,0.45087223,165.5666667,0.520895797,0.000675336,0.019604709,-0.093707546,0.000743121,0.09485658,0.093489686,7.285623228
baseline,"(30, 150, 2, 0.5, -2, -0.5)",300.8666667,0.425553984,156.5,0.521478958,0.000682606,0.019731978,-0.093707546,0.000814298,0.093883441,0.062497233,7.225830487
baseline,"(30, 200, 2, 0, -2, 0)",347.9,0.573146623,179.6333333,0.517473949,0.000849556,0.020275858,-0.094135446,0.000630367,0.109836046,0.367613638,8.690872087
baseline,"(30, 200, 2, 0.1, -2, -0.1)",339.1333333,0.558704009,175.0333333,0.517323423,0.000830985,0.020337664,-0.093958545,0.000626533,0.109786707,0.365965429,8.794970308
baseline,"(30, 200, 2, 0.2, -2, -0.2)",325.3666667,0.536024163,168.4333333,0.519454267,0.000861392,0.02007796,-0.091655573,0.000663158,0.100576393,0.226962454,6.921708614
baseline,"(30, 200, 2, 0.3, -2, -0.3)",309.2,0.509390445,160.6,0.521035651,0.00093456,0.019880974,-0.086051005,0.00075907,0.099638657,0.369294114,6.114292039
baseline,"(30, 200, 2, 0.4, -2, -0.4)",296.9666667,0.489236683,153.8333333,0.519883315,0.000879956,0.0199211,-0.086051005,0.000721233,0.09938272,0.368704207,6.204365198
baseline,"(30, 200, 2, 0.5, -2, -0.5)",283.3666667,0.466831411,147,0.519973329,0.000907774,0.019945138,-0.085930273,0.000747977,0.09938272,0.398904937,6.544873813
baseline,"(40, 50, 2, 0, -2, 0)",436.425,0.481174201,226.9,0.521221229,0.001043492,0.019722103,-0.090665823,0.000745326,0.117295905,0.565289485,8.161817172
baseline,"(40, 50, 2, 0.1, -2, -0.1)",421.8,0.465049614,219.5,0.521690472,0.001032535,0.019756494,-0.090665823,0.000706437,0.115321432,0.535249776,7.91024305
baseline,"(40, 50, 2, 0.2, -2, -0.2)",403.85,0.445259096,210.15,0.52175952,0.001032887,0.019900975,-0.090104023,0.000753352,0.115321432,0.542225593,7.924554724
baseline,"(40, 50, 2, 0.3, -2, -0.3)",385.15,0.424641676,200.15,0.521289807,0.001039933,0.019936315,-0.089780001,0.000724304,0.114997192,0.537565683,7.978750158
baseline,"(40, 50, 2, 0.4, -2, -0.4)",366.225,0.403776185,190.5,0.521740876,0.001054187,0.019918877,-0.090218089,0.00074021,0.112038022,0.502705039,7.802267308
baseline,"(40, 50, 2, 0.5, -2, -0.5)",346.025,0.381504961,180.625,0.523895993,0.001094883,0.019918838,-0.089917802,0.000829426,0.107411471,0.446163227,7.542060529
baseline,"(40, 150, 2, 0, -2, 0)",388.2,0.549080622,200.275,0.516905498,0.000604623,0.019109674,-0.092855266,0.000563952,0.099958774,0.190450604,6.913935128
baseline,"(40, 150, 2, 0.1, -2, -0.1)",372.425,0.526768034,192.45,0.518231874,0.000645581,0.019192368,-0.092215252,0.000594679,0.099958774,0.199309869,6.945208441
baseline,"(40, 150, 2, 0.2, -2, -0.2)",355.6,0.502970297,183.625,0.517454307,0.000637569,0.019223103,-0.091410683,0.000604859,0.098145801,0.179707098,6.859426195
baseline,"(40, 150, 2, 0.3, -2, -0.3)",340.975,0.4822843,175.975,0.517332335,0.000604965,0.019181427,-0.091297451,0.000615822,0.095844784,0.165842245,7.024210955
baseline,"(40, 150, 2, 0.4, -2, -0.4)",329.875,0.466584158,170,0.516762275,0.000574234,0.019205955,-0.091272859,0.000585538,0.095226505,0.165374829,7.066274086
baseline,"(40, 150, 2, 0.5, -2, -0.5)",313.175,0.442963225,161.6,0.517334686,0.000575585,0.019314978,-0.091272859,0.000653463,0.094496651,0.145242624,7.065855612
baseline,"(40, 200, 2, 0, -2, 0)",357.75,0.58937397,183.975,0.515232915,0.000814029,0.019839428,-0.091496737,0.000566246,0.110336595,0.468066702,8.720906484
baseline,"(40, 200, 2, 0.1, -2, -0.1)",348.45,0.574052718,179.15,0.515106231,0.000790794,0.019904778,-0.091364061,0.000555704,0.110299591,0.468510271,8.809869175
baseline,"(40, 200, 2, 0.2, -2, -0.2)",335.325,0.552429984,172.875,0.516949982,0.00082217,0.019730318,-0.089636833,0.000602432,0.103391855,0.364494567,7.407442341
baseline,"(40, 200, 2, 0.3, -2, -0.3)",321.275,0.529283361,166.025,0.518180985,0.000852907,0.019503025,-0.085430702,0.000678595,0.10061096,0.409837827,6.252431954
baseline,"(40, 200, 2, 0.4, -2, -0.4)",307.8,0.50708402,158.725,0.51735402,0.000797156,0.019519123,-0.085430702,0.000650101,0.099398186,0.395993564,6.267503267
baseline,"(40, 200, 2, 0.5, -2, -0.5)",296.35,0.488220758,152.85,0.517049049,0.00081011,0.019518181,-0.083790294,0.000659636,0.099398186,0.434160037,6.464473264
baseline,"(50, 50, 2, 0, -2, 0)",437.02,0.481830209,226.6,0.519703011,0.001043531,0.019381973,-0.088661964,0.000693976,0.11617562,0.586280021,8.020605092
baseline,"(50, 50, 2, 0.1, -2, -0.1)",422.8,0.46615215,219.24,0.519716539,0.001014692,0.019410163,-0.088661964,0.000651964,0.113790801,0.556087581,7.808485664
baseline,"(50, 50, 2, 0.2, -2, -0.2)",404.5,0.445975744,209.68,0.519655091,0.00102621,0.01955228,-0.087922209,0.000689208,0.113790801,0.567609027,7.816453028
baseline,"(50, 50, 2, 0.3, -2, -0.3)",385.78,0.425336273,199.72,0.519221754,0.001027247,0.019602652,-0.087662991,0.000663657,0.113031728,0.559255345,7.850512505
baseline,"(50, 50, 2, 0.4, -2, -0.4)",367.74,0.405446527,190.32,0.519001889,0.001034533,0.019595772,-0.088013461,0.000651277,0.110664392,0.533644195,7.720312856
baseline,"(50, 50, 2, 0.5, -2, -0.5)",347.66,0.383307607,180.44,0.5207528,0.001074178,0.019629163,-0.087773232,0.000724348,0.106963152,0.489038694,7.522806604
baseline,"(50, 150, 2, 0, -2, 0)",389.64,0.551117397,201.34,0.517481442,0.000566164,0.018761963,-0.089090998,0.000590687,0.095932294,0.154299242,6.249075982
baseline,"(50, 150, 2, 0.1, -2, -0.1)",373.16,0.527807638,193.04,0.51847988,0.000613997,0.018867504,-0.088578987,0.000624507,0.095932294,0.162027917,6.273757385
baseline,"(50, 150, 2, 0.2, -2, -0.2)",357.18,0.505205092,184.76,0.518125437,0.000606551,0.018869933,-0.087935332,0.000649336,0.094336333,0.140931321,6.218519296
baseline,"(50, 150, 2, 0.3, -2, -0.3)",343.76,0.486223479,177.7,0.517919934,0.000568899,0.018837049,-0.087844746,0.000640398,0.092495519,0.12582807,6.353184613
baseline,"(50, 150, 2, 0.4, -2, -0.4)",329.48,0.46602546,170.22,0.517860398,0.000556688,0.018885344,-0.087796174,0.000613928,0.092000896,0.129626901,6.394280898
baseline,"(50, 150, 2, 0.5, -2, -0.5)",313.8,0.443847242,162.26,0.5182019,0.000552264,0.018993272,-0.087796174,0.000668688,0.091417013,0.112167332,6.397325354
baseline,"(50, 200, 2, 0, -2, 0)",351.9,0.579736409,181.62,0.517791251,0.000835549,0.0195198,-0.088097948,0.000635462,0.105019618,0.409581985,7.795333206
baseline,"(50, 200, 2, 0.1, -2, -0.1)",343.08,0.565205931,176.98,0.517507789,0.000815719,0.019586741,-0.087991807,0.000626003,0.104990014,0.410798666,7.867751451
baseline,"(50, 200, 2, 0.2, -2, -0.2)",328.38,0.540988468,169.82,0.518967724,0.000850347,0.019437269,-0.086105363,0.000662129,0.099463826,0.343886178,6.806253202
baseline,"(50, 200, 2, 0.3, -2, -0.3)",315.28,0.519406919,163.4,0.520169513,0.000861573,0.019236398,-0.082740458,0.000742379,0.09583321,0.35593399,5.729208955
baseline,"(50, 200, 2, 0.4, -2, -0.4)",303.18,0.499472817,156.76,0.519177705,0.00079606,0.019226567,-0.082740458,0.000701861,0.094862991,0.335457757,5.750617437
baseline,"(50, 200, 2, 0.5, -2, -0.5)",291.88,0.480856672,150.8,0.518362484,0.000798703,0.01923041,-0.081335417,0.000698976,0.094862991,0.375000978,5.905803568
baseline,"(60, 50, 2, 0, -2, 0)",432.1166667,0.476424109,224.5333333,0.520706007,0.001050426,0.019957984,-0.096127612,0.00074402,0.123193071,0.579206254,9.015098103
baseline,"(60, 50, 2, 0.1, -2, -0.1)",417.8333333,0.460676222,217.1,0.520616858,0.001036785,0.01998731,-0.096034253,0.00069794,0.121205721,0.564570292,8.899979024
baseline,"(60, 50, 2, 0.2, -2, -0.2)",400.25,0.441289967,207.8833333,0.520474588,0.001052289,0.020090612,-0.09541779,0.000718333,0.121205721,0.5820956,9.080153536
baseline,"(60, 50, 2, 0.3, -2, -0.3)",381.2166667,0.420305035,197.75,0.520072567,0.001062926,0.020168693,-0.095084635,0.00069857,0.120573161,0.579614768,9.101561706
baseline,"(60, 50, 2, 0.4, -2, -0.4)",362.45,0.399614112,188.0166667,0.520140663,0.001073821,0.020201354,-0.095376694,0.000689352,0.118600381,0.557110836,9.010422556
baseline,"(60, 50, 2, 0.5, -2, -0.5)",342.7833333,0.377930908,178.2,0.521435942,0.001129795,0.020224565,-0.09302009,0.000758753,0.115516014,0.572866414,8.893885682
baseline,"(60, 150, 2, 0, -2, 0)",389.9166667,0.551508722,201.6333333,0.517501603,0.000609118,0.019366552,-0.094796426,0.000587211,0.104229117,0.208073396,7.497341514
baseline,"(60, 150, 2, 0.1, -2, -0.1)",373.8833333,0.52883074,193.7333333,0.518943883,0.000677482,0.019453513,-0.094369751,0.000642784,0.103726569,0.209298801,7.55430577
baseline,"(60, 150, 2, 0.2, -2, -0.2)",357.6,0.505799151,185.25,0.518583394,0.000672065,0.019447265,-0.093833371,0.00066405,0.101927748,0.179192284,7.546742411
baseline,"(60, 150, 2, 0.3, -2, -0.3)",343.3666667,0.485667138,177.7833333,0.518511046,0.000641326,0.019417286,-0.093757883,0.000659352,0.100284325,0.159244808,7.696580893
baseline,"(60, 150, 2, 0.4, -2, -0.4)",329.1166667,0.465511551,170.3166667,0.51844411,0.000632909,0.019472527,-0.093717406,0.000637622,0.09987214,0.160932597,7.725121966
baseline,"(60, 150, 2, 0.5, -2, -0.5)",313.3333333,0.443187176,162.45,0.519348807,0.000650123,0.019569213,-0.093601167,0.000695481,0.09938557,0.148071419,7.744698276
baseline,"(60, 200, 2, 0, -2, 0)",349.2666667,0.575398133,180.3666667,0.518047665,0.000859535,0.020188639,-0.094705245,0.0006381,0.1117452,0.428668035,8.904491553
baseline,"(60, 200, 2, 0.1, -2, -0.1)",338.3166667,0.557358594,174.75,0.518180007,0.000849441,0.020189981,-0.092942847,0.000638862,0.11172053,0.43834045,8.836075423
baseline,"(60, 200, 2, 0.2, -2, -0.2)",325.1333333,0.535639758,168.2,0.519146987,0.000866136,0.020067966,-0.09137081,0.000660315,0.107115373,0.38200013,7.942026996
baseline,"(60, 200, 2, 0.3, -2, -0.3)",312.2833333,0.514470071,161.85,0.520182481,0.000876736,0.019911701,-0.088566722,0.000733148,0.10408986,0.390606189,7.045946468
baseline,"(60, 200, 2, 0.4, -2, -0.4)",299.4166667,0.493272927,154.9,0.519471599,0.000832021,0.019889909,-0.088566722,0.000703825,0.102705751,0.362743742,7.180123672
baseline,"(60, 200, 2, 0.5, -2, -0.5)",287.3333333,0.473366282,148.55,0.518749626,0.00084244,0.019914024,-0.087395855,0.000697333,0.10257979,0.395235971,7.286846053
baseline,"(70, 50, 2, 0, -2, 0)",434.0714286,0.478579304,225.0285714,0.519538671,0.001036616,0.020005167,-0.096143749,0.000689999,0.124592684,0.589057387,9.048526169
baseline,"(70, 50, 2, 0.1, -2, -0.1)",419.7285714,0.46276579,217.5142857,0.519331225,0.001020337,0.02004544,-0.096063727,0.000647999,0.122889242,0.574024739,8.945626355
baseline,"(70, 50, 2, 0.2, -2, -0.2)",401.6,0.44277839,208.0857143,0.519327336,0.001034996,0.020167279,-0.09553533,0.000669152,0.122889242,0.588975225,9.098155175
baseline,"(70, 50, 2, 0.3, -2, -0.3)",382.6571429,0.421893212,198.1285714,0.519146585,0.001053861,0.02023769,-0.095249769,0.000655282,0.122025298,0.584200601,9.096720923
baseline,"(70, 50, 2, 0.4, -2, -0.4)",363.9285714,0.40124429,188.3571429,0.519007571,0.001068599,0.020254699,-0.093809388,0.000641546,0.120334344,0.585612209,8.898211386
baseline,"(70, 50, 2, 0.5, -2, -0.5)",343.9571429,0.379225075,178.3857143,0.520280415,0.001108377,0.020287479,-0.091789442,0.000710032,0.117690601,0.603767217,8.86137201
baseline,"(70, 150, 2, 0, -2, 0)",393.1142857,0.556031522,202.1,0.514992404,0.00052275,0.019339062,-0.095037254,0.000507349,0.102018553,0.166170057,7.157207135
baseline,"(70, 150, 2, 0.1, -2, -0.1)",378.2285714,0.534976763,194.8,0.516351648,0.000580981,0.019397694,-0.093759798,0.000552789,0.101587797,0.18141486,7.123787984
baseline,"(70, 150, 2, 0.2, -2, -0.2)",362.3714286,0.512547989,186.5428571,0.516002018,0.000569757,0.019362755,-0.092580523,0.000565422,0.10004595,0.165781561,7.081413351
baseline,"(70, 150, 2, 0.3, -2, -0.3)",347.4,0.491371994,178.8714286,0.516213142,0.000560731,0.019320671,-0.092455274,0.000570097,0.098366822,0.143119365,7.167279821
baseline,"(70, 150, 2, 0.4, -2, -0.4)",332.4714286,0.470256617,171.1428571,0.516237988,0.000548514,0.019376942,-0.092420579,0.000545388,0.09801352,0.143992274,7.198937624
baseline,"(70, 150, 2, 0.5, -2, -0.5)",316.7857143,0.448070317,163.3428571,0.517173459,0.000567698,0.019485563,-0.092320946,0.000602982,0.09759646,0.132447115,7.207200708
baseline,"(70, 200, 2, 0, -2, 0)",353.2,0.581878089,181.4857143,0.515788519,0.000802488,0.02020323,-0.095791344,0.000566236,0.111003759,0.414380645,8.937800559
baseline,"(70, 200, 2, 0.1, -2, -0.1)",342.0142857,0.563450224,175.7,0.515649983,0.000786175,0.02021696,-0.094280717,0.000560447,0.110935498,0.421296229,8.872816063
baseline,"(70, 200, 2, 0.2, -2, -0.2)",329.1,0.542174629,169.2142857,0.516339576,0.000793365,0.020108564,-0.092933257,0.000576488,0.106932503,0.374716095,8.159019403
baseline,"(70, 200, 2, 0.3, -2, -0.3)",315.6285714,0.519981172,162.7142857,0.51774712,0.000806547,0.019956909,-0.090529753,0.000658276,0.104054063,0.37918439,7.433156785
baseline,"(70, 200, 2, 0.4, -2, -0.4)",301.7142857,0.497058131,155.3857143,0.517328006,0.000770334,0.019976143,-0.090529753,0.000643388,0.102867684,0.357971531,7.555345799
baseline,"(70, 200, 2, 0.5, -2, -0.5)",290.0428571,0.477830078,149.2571429,0.516635209,0.000774288,0.020008166,-0.089526152,0.000636729,0.102759717,0.384439297,7.655083994
baseline,"(80, 50, 2, 0, -2, 0)",430.6875,0.474848401,223.075,0.518898525,0.001143478,0.020358071,-0.096184371,0.000687657,0.128023912,0.650884838,9.000680723
baseline,"(80, 50, 2, 0.1, -2, -0.1)",416.125,0.458792723,215.4125,0.51860253,0.00112902,0.020393217,-0.096114352,0.000649803,0.126279168,0.637212986,8.901429566
baseline,"(80, 50, 2, 0.2, -2, -0.2)",398.875,0.43977398,206.3375,0.518275689,0.001129125,0.020484267,-0.095652005,0.000656855,0.126279168,0.651358091,9.06841796
baseline,"(80, 50, 2, 0.3, -2, -0.3)",379.6125,0.418536384,196.375,0.518472517,0.001156644,0.020566113,-0.095402139,0.000642327,0.124895738,0.639486848,9.021455608
baseline,"(80, 50, 2, 0.4, -2, -0.4)",361.425,0.398484013,186.85,0.518215646,0.001158201,0.020569564,-0.093815327,0.000625321,0.123416153,0.636334971,8.830391128
baseline,"(80, 50, 2, 0.5, -2, -0.5)",341.55,0.376571114,176.95,0.519507957,0.001184855,0.020594565,-0.092047874,0.000685589,0.120763719,0.644912474,8.80074356
baseline,"(80, 150, 2, 0, -2, 0)",390.1375,0.551821075,200.1875,0.513819529,0.000567449,0.019640675,-0.097177573,0.000457485,0.104761553,0.208975066,7.254683006
baseline,"(80, 150, 2, 0.1, -2, -0.1)",375.2,0.530693069,192.8,0.514950174,0.000623552,0.01972327,-0.096059799,0.000500353,0.104384642,0.222572564,7.219878807
baseline,"(80, 150, 2, 0.2, -2, -0.2)",359.7875,0.508893211,184.7625,0.514555027,0.00060994,0.019699161,-0.095027933,0.000514651,0.102403392,0.197378385,7.110274607
baseline,"(80, 150, 2, 0.3, -2, -0.3)",346.1125,0.489550919,177.65,0.514423348,0.000590972,0.019665439,-0.09491834,0.000507658,0.100934155,0.177683329,7.205104043
baseline,"(80, 150, 2, 0.4, -2, -0.4)",329.775,0.466442716,169.3125,0.514643274,0.000608547,0.019701358,-0.094887982,0.000490582,0.100625015,0.184838997,7.298605372
baseline,"(80, 150, 2, 0.5, -2, -0.5)",314.3875,0.444678218,161.6,0.515300132,0.000623307,0.019779337,-0.093785596,0.000540514,0.100260088,0.185614856,7.297485323
baseline,"(80, 200, 2, 0, -2, 0)",350.175,0.576894563,179.75,0.515252133,0.000829729,0.020494858,-0.096245493,0.000518911,0.112391331,0.433769246,8.931084184
baseline,"(80, 200, 2, 0.1, -2, -0.1)",338.925,0.558360791,173.9125,0.515039818,0.000818773,0.020516932,-0.094923694,0.000522577,0.112331602,0.438945937,8.878922826
baseline,"(80, 200, 2, 0.2, -2, -0.2)",326.425,0.53776771,167.7,0.515812629,0.000854483,0.020393426,-0.093059038,0.000550992,0.108828982,0.4195595,8.241125237
baseline,"(80, 200, 2, 0.3, -2, -0.3)",312.6125,0.515012356,161.05,0.517411759,0.000867836,0.020267744,-0.090955972,0.000629494,0.106310347,0.422924,7.631862586
baseline,"(80, 200, 2, 0.4, -2, -0.4)",299.4125,0.493266063,154.0625,0.516875386,0.000827867,0.02023367,-0.090202106,0.000609025,0.104473743,0.397235806,7.639777364
baseline,"(80, 200, 2, 0.5, -2, -0.5)",287.9875,0.474443987,148.1,0.516390842,0.000836052,0.020285395,-0.089323955,0.000606547,0.104379272,0.420675927,7.718766488
baseline,"(90, 50, 2, 0, -2, 0)",429.4222222,0.473453387,222.1555556,0.518347077,0.001119989,0.020303703,-0.094481855,0.000657836,0.127031234,0.659319261,8.786103028
baseline,"(90, 50, 2, 0.1, -2, -0.1)",414.5333333,0.457037854,214.3555556,0.51814121,0.001110997,0.020348836,-0.094419615,0.00062749,0.12548035,0.648366586,8.698151412
baseline,"(90, 50, 2, 0.2, -2, -0.2)",396.7444444,0.437424966,205.2555556,0.518431718,0.001122607,0.020430732,-0.093685541,0.000653674,0.12548035,0.665165253,8.869975554
baseline,"(90, 50, 2, 0.3, -2, -0.3)",378.0444444,0.416807546,195.5444444,0.518496245,0.001153611,0.020479948,-0.093463438,0.000637641,0.124250634,0.665149786,8.940612844
baseline,"(90, 50, 2, 0.4, -2, -0.4)",359.6555556,0.396533137,185.9777778,0.518445156,0.001169388,0.020464995,-0.09190708,0.000630011,0.122906514,0.665555638,8.780545407
baseline,"(90, 50, 2, 0.5, -2, -0.5)",339.7666667,0.374604925,176.1222222,0.519873996,0.001196877,0.020503844,-0.090061705,0.000687238,0.120548795,0.678828442,8.741193502
baseline,"(90, 150, 2, 0, -2, 0)",395.7888889,0.559814553,202.6444444,0.512777842,0.000550973,0.01976529,-0.097247692,0.000424041,0.106922528,0.22044951,7.315535863
baseline,"(90, 150, 2, 0.1, -2, -0.1)",380.9777778,0.538865315,195.2777778,0.513692493,0.000610944,0.019774526,-0.095704995,0.00045771,0.10598646,0.237077002,7.258396579
baseline,"(90, 150, 2, 0.2, -2, -0.2)",364.9333333,0.516171617,186.9,0.51325237,0.000598289,0.019767134,-0.094787781,0.00047392,0.104225349,0.213481325,7.157726698
baseline,"(90, 150, 2, 0.3, -2, -0.3)",350.7111111,0.49605532,179.5111111,0.513058712,0.000594871,0.01975131,-0.094690365,0.000465552,0.10291936,0.203055045,7.278509317
baseline,"(90, 150, 2, 0.4, -2, -0.4)",334.2333333,0.472748703,171.1666667,0.513403952,0.000622811,0.01978794,-0.09466338,0.00045232,0.102644569,0.21388845,7.374466714
baseline,"(90, 150, 2, 0.5, -2, -0.5)",317.7777778,0.449473519,163,0.514163566,0.000651067,0.019840908,-0.092930519,0.000492859,0.10232019,0.22386773,7.353092997
baseline,"(90, 200, 2, 0, -2, 0)",352.8888889,0.58136555,181.1666667,0.515259042,0.000826772,0.020578757,-0.096662674,0.000510489,0.111881881,0.389000652,8.687177096
baseline,"(90, 200, 2, 0.1, -2, -0.1)",342.4555556,0.564177192,175.7666667,0.51507972,0.000815313,0.020577077,-0.095487742,0.000515477,0.110886149,0.381619251,8.55320906
baseline,"(90, 200, 2, 0.2, -2, -0.2)",329.4888889,0.542815303,169.3444444,0.515895757,0.000852524,0.02046164,-0.093586772,0.000547793,0.107772709,0.370637319,7.981885368
baseline,"(90, 200, 2, 0.3, -2, -0.3)",314.1,0.517462932,162.0888889,0.518118907,0.000906277,0.020367076,-0.091498503,0.000658085,0.105533922,0.383172511,7.392602937
baseline,"(90, 200, 2, 0.4, -2, -0.4)",301.5333333,0.496760022,155.4444444,0.517700476,0.000869386,0.020333081,-0.0908284,0.00063875,0.103815342,0.354790822,7.397303166
baseline,"(90, 200, 2, 0.5, -2, -0.5)",289.9666667,0.477704558,149.4111111,0.517329974,0.0008865,0.020380125,-0.089717578,0.000644859,0.103731368,0.380426174,7.471710753
baseline,"(100, 50, 2, 0, -2, 0)",429.28,0.473296582,222.33,0.51885565,0.001129123,0.020283969,-0.09424602,0.000684091,0.125217635,0.622728775,8.532684182
baseline,"(100, 50, 2, 0.1, -2, -0.1)",414.27,0.456747519,214.44,0.51859883,0.001118779,0.020338101,-0.094190005,0.000653304,0.12382184,0.613830698,8.454264771
baseline,"(100, 50, 2, 0.2, -2, -0.2)",395.53,0.436085998,204.83,0.518922225,0.001144332,0.020415286,-0.093402334,0.000683491,0.12382184,0.633489195,8.598237264
baseline,"(100, 50, 2, 0.3, -2, -0.3)",377.32,0.41600882,195.31,0.518794296,0.00117117,0.020462928,-0.09319148,0.000668318,0.122715095,0.634484556,8.664739598
baseline,"(100, 50, 2, 0.4, -2, -0.4)",358.5,0.395259096,185.52,0.518767979,0.001178586,0.020451762,-0.091790758,0.000659022,0.120983143,0.621600767,8.478578911
baseline,"(100, 50, 2, 0.5, -2, -0.5)",338.32,0.373009923,175.55,0.520298449,0.001205528,0.020496162,-0.090049736,0.000720141,0.118861196,0.633560292,8.44104484
baseline,"(100, 150, 2, 0, -2, 0)",395.17,0.55893918,202.07,0.512009012,0.000532773,0.019979314,-0.099808294,0.000410068,0.106424086,0.181966472,7.284535249
baseline,"(100, 150, 2, 0.1, -2, -0.1)",380.41,0.538062235,194.69,0.512791067,0.000595683,0.019971429,-0.097812031,0.000438853,0.105581625,0.207848555,7.197800346
baseline,"(100, 150, 2, 0.2, -2, -0.2)",364.3,0.515275813,186.28,0.512318997,0.000582211,0.019978618,-0.096986538,0.000450256,0.103996625,0.186221595,7.115090416
baseline,"(100, 150, 2, 0.3, -2, -0.3)",350.42,0.495643564,179.11,0.512234487,0.00058518,0.019938677,-0.096069299,0.000444994,0.102821235,0.188180933,7.195821035
baseline,"(100, 150, 2, 0.4, -2, -0.4)",334.27,0.472800566,170.85,0.512303645,0.000605576,0.019982835,-0.096045013,0.000432832,0.102573923,0.199563857,7.300978167
baseline,"(100, 150, 2, 0.5, -2, -0.5)",318.35,0.450282885,162.88,0.512786579,0.000628546,0.02004622,-0.094485437,0.000459457,0.102281982,0.208982255,7.278417575
baseline,"(100, 200, 2, 0, -2, 0)",352.82,0.581252059,181.21,0.51528728,0.000818488,0.020790077,-0.099389744,0.000523701,0.110887504,0.332438077,8.494910047
baseline,"(100, 200, 2, 0.1, -2, -0.1)",342.75,0.564662273,176.01,0.515179181,0.00080514,0.020801493,-0.098332305,0.00053384,0.109991345,0.324861739,8.374005292
baseline,"(100, 200, 2, 0.2, -2, -0.2)",329.98,0.543624382,169.67,0.515949794,0.000836601,0.020716674,-0.096621432,0.00056435,0.107189249,0.315560852,7.859856239
baseline,"(100, 200, 2, 0.3, -2, -0.3)",315.2,0.519275124,162.72,0.518108187,0.000890272,0.020631751,-0.09474199,0.000668186,0.105174341,0.32762561,7.346386748
baseline,"(100, 200, 2, 0.4, -2, -0.4)",302.78,0.498813839,156.1,0.517503736,0.000853599,0.020615762,-0.094138897,0.000635198,0.103627618,0.300057574,7.352576661
baseline,"(100, 200, 2, 0.5, -2, -0.5)",291,0.479406919,150,0.517292703,0.000876503,0.020672851,-0.093081165,0.00064394,0.103552042,0.326199772,7.424688013
baseline,"(110, 50, 2, 0, -2, 0)",428.6636364,0.472617019,222.0727273,0.519043424,0.001127271,0.020361562,-0.095841599,0.000680903,0.124884942,0.605635127,8.49200137
baseline,"(110, 50, 2, 0.1, -2, -0.1)",413.7272727,0.456149143,214.2090909,0.51878892,0.001114448,0.020428176,-0.095790676,0.000651227,0.123616037,0.597391724,8.413089774
baseline,"(110, 50, 2, 0.2, -2, -0.2)",395.3,0.435832415,204.7181818,0.518997861,0.001138999,0.020492767,-0.095074612,0.000676972,0.123616037,0.614390235,8.56513075
baseline,"(110, 50, 2, 0.3, -2, -0.3)",376.9272727,0.415575824,195.2090909,0.519065928,0.001175446,0.020549919,-0.094244089,0.000671674,0.122609906,0.621329492,8.611840801
baseline,"(110, 50, 2, 0.4, -2, -0.4)",358.3454545,0.395088704,185.4727273,0.518801958,0.001167768,0.020527053,-0.092970705,0.000653428,0.121021628,0.603063996,8.440242758
baseline,"(110, 50, 2, 0.5, -2, -0.5)",338.1909091,0.372867595,175.4272727,0.520076344,0.001183929,0.020553754,-0.091387958,0.000701874,0.118795709,0.604712651,8.405377605
baseline,"(110, 150, 2, 0, -2, 0)",391.7545455,0.554108268,200.6272727,0.513116165,0.000562519,0.01999732,-0.100072321,0.000449748,0.105290913,0.149814295,7.154153555
baseline,"(110, 150, 2, 0.1, -2, -0.1)",377.2545455,0.533599074,193.3818182,0.513977666,0.000627051,0.019998189,-0.098257535,0.000478511,0.104525039,0.173912149,7.069811425
baseline,"(110, 150, 2, 0.2, -2, -0.2)",361.0727273,0.510711071,184.9363636,0.513541936,0.000610191,0.020008083,-0.097507087,0.000490142,0.102996216,0.15164097,6.999896963
baseline,"(110, 150, 2, 0.3, -2, -0.3)",346.8545455,0.490600489,177.6090909,0.513496255,0.000619494,0.019953297,-0.096277307,0.000490229,0.101821167,0.157566888,7.053696261
baseline,"(110, 150, 2, 0.4, -2, -0.4)",331.4,0.46874116,169.6272727,0.513362789,0.000631488,0.019993581,-0.096255229,0.000472918,0.101394207,0.165505595,7.154114786
baseline,"(110, 150, 2, 0.5, -2, -0.5)",315.7636364,0.446624662,161.8818182,0.514112811,0.000661302,0.020043047,-0.094185588,0.00050289,0.101041155,0.183657737,7.074932162
baseline,"(110, 200, 2, 0, -2, 0)",350.9363636,0.578148869,180.3818182,0.51602931,0.00083554,0.020804142,-0.099296775,0.000538586,0.109147829,0.298924494,8.179251409
baseline,"(110, 200, 2, 0.1, -2, -0.1)",338.8090909,0.558169837,174.2818182,0.516501118,0.00083876,0.020828426,-0.098295338,0.000568373,0.108150569,0.289698346,8.063042011
baseline,"(110, 200, 2, 0.2, -2, -0.2)",325.6181818,0.53643852,167.7090909,0.517317214,0.000868066,0.020783111,-0.096739999,0.000595967,0.105603209,0.282086504,7.589442046
baseline,"(110, 200, 2, 0.3, -2, -0.3)",311.2181818,0.512715291,160.9363636,0.519450213,0.000920869,0.020716157,-0.095031252,0.000700236,0.103771475,0.292428234,7.122920034
baseline,"(110, 200, 2, 0.4, -2, -0.4)",298.8545455,0.492346862,154.3545455,0.51883734,0.000881003,0.02067909,-0.094482985,0.000669695,0.1022825,0.263090117,7.1601657
baseline,"(110, 200, 2, 0.5, -2, -0.5)",287.4818182,0.473610903,148.4636364,0.518576646,0.000896546,0.020735011,-0.093521411,0.000674722,0.102213794,0.286093477,7.230942656
baseline,"(120, 50, 2, 0, -2, 0)",431.275,0.475496141,223.325,0.518839104,0.001139675,0.020341356,-0.095173177,0.000681022,0.125261602,0.625479353,8.515121946
baseline,"(120, 50, 2, 0.1, -2, -0.1)",416.075,0.458737596,215.2,0.51826688,0.001124239,0.020409565,-0.095126498,0.000643525,0.124042504,0.617895366,8.441150441
baseline,"(120, 50, 2, 0.2, -2, -0.2)",397.4416667,0.438193679,205.6416667,0.518525399,0.001148137,0.020481362,-0.094419132,0.000667797,0.124042504,0.634687303,8.588635717
baseline,"(120, 50, 2, 0.3, -2, -0.3)",379.1333333,0.418008085,196.2916667,0.518898615,0.001188802,0.020547865,-0.09365782,0.000667476,0.123120218,0.640940388,8.626593911
baseline,"(120, 50, 2, 0.4, -2, -0.4)",360.2083333,0.397142595,186.425,0.518691969,0.001183738,0.020536233,-0.092490551,0.000656012,0.121664296,0.624448989,8.474267293
baseline,"(120, 50, 2, 0.5, -2, -0.5)",339.2083333,0.373989342,175.9833333,0.520079092,0.001208605,0.020577398,-0.0910397,0.000709166,0.119609758,0.624079059,8.426826454
baseline,"(120, 150, 2, 0, -2, 0)",390.1666667,0.551862329,199.45,0.512047931,0.000566304,0.020065671,-0.099981877,0.000412325,0.106370001,0.174065719,7.359450342
baseline,"(120, 150, 2, 0.1, -2, -0.1)",375.575,0.531223479,192.2,0.512977892,0.000630377,0.020059554,-0.097781472,0.000449251,0.105482019,0.199130024,7.234984954
baseline,"(120, 150, 2, 0.2, -2, -0.2)",360.0333333,0.509240924,184.1,0.512609396,0.000623413,0.020037472,-0.096585056,0.000469739,0.103633855,0.174757095,7.046403233
baseline,"(120, 150, 2, 0.3, -2, -0.3)",346.125,0.4895686,176.9666667,0.512636342,0.000632313,0.019959676,-0.094920677,0.000472188,0.102371386,0.188456477,7.032198236
baseline,"(120, 150, 2, 0.4, -2, -0.4)",330.1416667,0.466961339,168.7583333,0.512555753,0.000641645,0.020009304,-0.094900438,0.000451619,0.101980006,0.19416128,7.133827775
baseline,"(120, 150, 2, 0.5, -2, -0.5)",315.1333333,0.445733145,161.325,0.513240938,0.000669696,0.020066002,-0.093003268,0.000477458,0.101656375,0.210642742,7.058541837
baseline,"(120, 200, 2, 0, -2, 0)",349.4583333,0.575713893,179.425,0.515391025,0.000837008,0.020783776,-0.09891248,0.000518514,0.108703366,0.293818787,8.006846208
baseline,"(120, 200, 2, 0.1, -2, -0.1)",336.9416667,0.555093355,173.1416667,0.515788532,0.0008364,0.020799291,-0.097803558,0.000548702,0.10770065,0.289239002,7.877087404
baseline,"(120, 200, 2, 0.2, -2, -0.2)",323.675,0.533237232,166.525,0.51659034,0.000861851,0.020761757,-0.096377831,0.00057114,0.10523941,0.277634361,7.421732723
baseline,"(120, 200, 2, 0.3, -2, -0.3)",309.0416667,0.509129599,159.6083333,0.518637414,0.000915947,0.020698306,-0.094202367,0.000672587,0.10356032,0.299734461,7.074396681
baseline,"(120, 200, 2, 0.4, -2, -0.4)",296.6166667,0.488660077,153.1083333,0.518389586,0.000889153,0.020677458,-0.09369979,0.000685019,0.102195426,0.273505095,7.106219336
baseline,"(120, 200, 2, 0.5, -2, -0.5)",284.8333333,0.469247666,146.975,0.518060491,0.000901295,0.020739686,-0.092818347,0.00067767,0.102132446,0.294861885,7.178620603
